orderNumber,orderDate,requiredDate,shippedDate,status,comments,customerNumber
10100,06-01-2003,13-01-2003,10-01-2003,Shipped,,363
10101,09-01-2003,18-01-2003,11-01-2003,Shipped,Check on availability.,128
10102,10-01-2003,18-01-2003,14-01-2003,Shipped,,181
10103,29-01-2003,07-02-2003,02-02-2003,Shipped,,121
10104,31-01-2003,09-02-2003,01-02-2003,Shipped,,141
10105,11-02-2003,21-02-2003,12-02-2003,Shipped,,145
10106,17-02-2003,24-02-2003,21-02-2003,Shipped,,278
10107,24-02-2003,03-03-2003,26-02-2003,Shipped,Difficult to negotiate with customer. We need more marketing materials,131
10108,03-03-2003,12-03-2003,08-03-2003,Shipped,,385
10109,10-03-2003,19-03-2003,11-03-2003,Shipped,Customer requested that FedEx Ground is used for this shipping,486
10110,18-03-2003,24-03-2003,20-03-2003,Shipped,,187
10111,25-03-2003,31-03-2003,30-03-2003,Shipped,,129
10112,24-03-2003,03-04-2003,29-03-2003,Shipped,"Customer requested that ad materials (such as posters, pamphlets) be included in the shippment",144
10113,26-03-2003,02-04-2003,27-03-2003,Shipped,,124
10114,01-04-2003,07-04-2003,02-04-2003,Shipped,,172
10115,04-04-2003,12-04-2003,07-04-2003,Shipped,,424
10116,11-04-2003,19-04-2003,13-04-2003,Shipped,,381
10117,16-04-2003,24-04-2003,17-04-2003,Shipped,,148
10118,21-04-2003,29-04-2003,26-04-2003,Shipped,Customer has worked with some of our vendors in the past and is aware of their MSRP,216
10119,28-04-2003,05-05-2003,02-05-2003,Shipped,,382
